[
  {
    "id": 1,
    "first_name": "Steven",
    "last_name": "Logsdail",
    "email": "slogsdail0@skyrock.com",
    "gender": "Male",
    "job_title": "Statistician I"
  },
  {
    "id": 2,
    "first_name": "Christophe",
    "last_name": "Beaby",
    "email": "cbeaby1@github.com",
    "gender": "Male",
    "job_title": "Dental Hygienist"
  },
  {
    "id": 3,
    "first_name": "Hetty",
    "last_name": "Townby",
    "email": "htownby2@yelp.com",
    "gender": "Female",
    "job_title": "Professor"
  },
  {
    "id": 4,
    "first_name": "Rob",
    "last_name": "McNamee",
    "email": "rmcnamee3@clickbank.net",
    "gender": "Male",
    "job_title": "Office Assistant IV"
  },
  {
    "id": 5,
    "first_name": "Barnebas",
    "last_name": "Umbers",
    "email": "bumbers4@usda.gov",
    "gender": "Male",
    "job_title": "Mechanical Systems Engineer"
  },
  {
    "id": 6,
    "first_name": "Rozanne",
    "last_name": "Haldon",
    "email": "rhaldon5@nifty.com",
    "gender": "Female",
    "job_title": "Web Designer I"
  },
  {
    "id": 7,
    "first_name": "Linn",
    "last_name": "Lack",
    "email": "llack6@eepurl.com",
    "gender": "Male",
    "job_title": "Research Nurse"
  },
  {
    "id": 8,
    "first_name": "Morly",
    "last_name": "Aspling",
    "email": "maspling7@yellowbook.com",
    "gender": "Male",
    "job_title": "Software Engineer IV"
  },
  {
    "id": 9,
    "first_name": "Harmonie",
    "last_name": "Gantlett",
    "email": "hgantlett8@state.gov",
    "gender": "Female",
    "job_title": "Tax Accountant"
  },
  {
    "id": 10,
    "first_name": "Hansiain",
    "last_name": "Debill",
    "email": "hdebill9@opera.com",
    "gender": "Male",
    "job_title": "Account Coordinator"
  },
  {
    "id": 11,
    "first_name": "Carmel",
    "last_name": "Leeder",
    "email": "cleedera@blogspot.com",
    "gender": "Female",
    "job_title": "Business Systems Development Analyst"
  },
  {
    "id": 12,
    "first_name": "Rory",
    "last_name": "Weatherburn",
    "email": "rweatherburnb@ucsd.edu",
    "gender": "Female",
    "job_title": "VP Marketing"
  },
  {
    "id": 13,
    "first_name": "Nertie",
    "last_name": "Rosengarten",
    "email": "nrosengartenc@mtv.com",
    "gender": "Female",
    "job_title": "Geological Engineer"
  },
  {
    "id": 14,
    "first_name": "Jodie",
    "last_name": "Chessill",
    "email": "jchessilld@alibaba.com",
    "gender": "Female",
    "job_title": "Help Desk Operator"
  },
  {
    "id": 15,
    "first_name": "Fanni",
    "last_name": "Staig",
    "email": "fstaige@reddit.com",
    "gender": "Female",
    "job_title": "Database Administrator III"
  },
  {
    "id": 16,
    "first_name": "Marlena",
    "last_name": "Bolmann",
    "email": "mbolmannf@paypal.com",
    "gender": "Female",
    "job_title": "Systems Administrator III"
  },
  {
    "id": 17,
    "first_name": "Leif",
    "last_name": "Edsell",
    "email": "ledsellg@mozilla.org",
    "gender": "Male",
    "job_title": "Administrative Assistant III"
  },
  {
    "id": 18,
    "first_name": "Ianthe",
    "last_name": "Ritchley",
    "email": "iritchleyh@psu.edu",
    "gender": "Polygender",
    "job_title": "Tax Accountant"
  },
  {
    "id": 19,
    "first_name": "Karlens",
    "last_name": "Felton",
    "email": "kfeltoni@angelfire.com",
    "gender": "Male",
    "job_title": "Senior Quality Engineer"
  },
  {
    "id": 20,
    "first_name": "Rosetta",
    "last_name": "Armatage",
    "email": "rarmatagej@hexun.com",
    "gender": "Female",
    "job_title": "Senior Quality Engineer"
  },
  {
    "id": 21,
    "first_name": "Codie",
    "last_name": "Tye",
    "email": "ctyek@smugmug.com",
    "gender": "Male",
    "job_title": "Data Coordinator"
  },
  {
    "id": 22,
    "first_name": "Keen",
    "last_name": "Franck",
    "email": "kfranckl@spiegel.de",
    "gender": "Male",
    "job_title": "Programmer Analyst I"
  },
  {
    "id": 23,
    "first_name": "Malvin",
    "last_name": "Luxen",
    "email": "mluxenm@livejournal.com",
    "gender": "Male",
    "job_title": "GIS Technical Architect"
  },
  {
    "id": 24,
    "first_name": "Kriste",
    "last_name": "Stonham",
    "email": "kstonhamn@opensource.org",
    "gender": "Polygender",
    "job_title": "Paralegal"
  },
  {
    "id": 25,
    "first_name": "Terrel",
    "last_name": "Rubinov",
    "email": "trubinovo@time.com",
    "gender": "Male",
    "job_title": "Legal Assistant"
  },
  {
    "id": 26,
    "first_name": "Quintus",
    "last_name": "O' Cuolahan",
    "email": "qocuolahanp@slate.com",
    "gender": "Male",
    "job_title": "Project Manager"
  },
  {
    "id": 27,
    "first_name": "Valle",
    "last_name": "Boller",
    "email": "vbollerq@photobucket.com",
    "gender": "Male",
    "job_title": "VP Product Management"
  },
  {
    "id": 28,
    "first_name": "Florence",
    "last_name": "Czadla",
    "email": "fczadlar@admin.ch",
    "gender": "Female",
    "job_title": "Pharmacist"
  },
  {
    "id": 29,
    "first_name": "Papageno",
    "last_name": "Mewton",
    "email": "pmewtons@zimbio.com",
    "gender": "Male",
    "job_title": "Financial Analyst"
  },
  {
    "id": 30,
    "first_name": "Eduardo",
    "last_name": "Putton",
    "email": "eputtont@jugem.jp",
    "gender": "Male",
    "job_title": "Business Systems Development Analyst"
  },
  {
    "id": 31,
    "first_name": "Cairistiona",
    "last_name": "Aggus",
    "email": "caggusu@istockphoto.com",
    "gender": "Female",
    "job_title": "Senior Quality Engineer"
  },
  {
    "id": 32,
    "first_name": "Julianna",
    "last_name": "Byfford",
    "email": "jbyffordv@drupal.org",
    "gender": "Female",
    "job_title": "Accounting Assistant III"
  },
  {
    "id": 33,
    "first_name": "Sol",
    "last_name": "Osman",
    "email": "sosmanw@hubpages.com",
    "gender": "Male",
    "job_title": "Account Executive"
  },
  {
    "id": 34,
    "first_name": "Shalom",
    "last_name": "De Wolfe",
    "email": "sdewolfex@toplist.cz",
    "gender": "Male",
    "job_title": "Environmental Specialist"
  },
  {
    "id": 35,
    "first_name": "Letti",
    "last_name": "Grinikhin",
    "email": "lgrinikhiny@ibm.com",
    "gender": "Female",
    "job_title": "Director of Sales"
  },
  {
    "id": 36,
    "first_name": "Sher",
    "last_name": "Britcher",
    "email": "sbritcherz@php.net",
    "gender": "Female",
    "job_title": "Payment Adjustment Coordinator"
  },
  {
    "id": 37,
    "first_name": "Eilis",
    "last_name": "Lorman",
    "email": "elorman10@liveinternet.ru",
    "gender": "Female",
    "job_title": "Geologist III"
  },
  {
    "id": 38,
    "first_name": "Martita",
    "last_name": "Muddle",
    "email": "mmuddle11@wordpress.com",
    "gender": "Female",
    "job_title": "Engineer I"
  },
  {
    "id": 39,
    "first_name": "Bianka",
    "last_name": "Linne",
    "email": "blinne12@purevolume.com",
    "gender": "Female",
    "job_title": "Food Chemist"
  },
  {
    "id": 40,
    "first_name": "Chic",
    "last_name": "Jillions",
    "email": "cjillions13@xrea.com",
    "gender": "Male",
    "job_title": "Research Assistant II"
  },
  {
    "id": 41,
    "first_name": "Winston",
    "last_name": "Dedrick",
    "email": "wdedrick14@wordpress.org",
    "gender": "Male",
    "job_title": "Web Designer I"
  },
  {
    "id": 42,
    "first_name": "Dannie",
    "last_name": "Littrik",
    "email": "dlittrik15@ftc.gov",
    "gender": "Male",
    "job_title": "Software Consultant"
  },
  {
    "id": 43,
    "first_name": "Klarika",
    "last_name": "Handy",
    "email": "khandy16@ibm.com",
    "gender": "Female",
    "job_title": "Research Associate"
  },
  {
    "id": 44,
    "first_name": "Kiele",
    "last_name": "Nund",
    "email": "knund17@europa.eu",
    "gender": "Polygender",
    "job_title": "Teacher"
  },
  {
    "id": 45,
    "first_name": "Lambert",
    "last_name": "Gorthy",
    "email": "lgorthy18@123-reg.co.uk",
    "gender": "Male",
    "job_title": "Director of Sales"
  },
  {
    "id": 46,
    "first_name": "Chickie",
    "last_name": "Grevatt",
    "email": "cgrevatt19@adobe.com",
    "gender": "Female",
    "job_title": "Pharmacist"
  },
  {
    "id": 47,
    "first_name": "Arri",
    "last_name": "Orritt",
    "email": "aorritt1a@pen.io",
    "gender": "Male",
    "job_title": "Accounting Assistant IV"
  },
  {
    "id": 48,
    "first_name": "Joline",
    "last_name": "Yukhnin",
    "email": "jyukhnin1b@reddit.com",
    "gender": "Female",
    "job_title": "Quality Control Specialist"
  },
  {
    "id": 49,
    "first_name": "Jada",
    "last_name": "Poynter",
    "email": "jpoynter1c@cam.ac.uk",
    "gender": "Polygender",
    "job_title": "Cost Accountant"
  },
  {
    "id": 50,
    "first_name": "Deck",
    "last_name": "Yurshev",
    "email": "dyurshev1d@mit.edu",
    "gender": "Male",
    "job_title": "Graphic Designer"
  },
  {
    "id": 51,
    "first_name": "Ruth",
    "last_name": "Pirolini",
    "email": "rpirolini1e@cocolog-nifty.com",
    "gender": "Female",
    "job_title": "Budget/Accounting Analyst III"
  },
  {
    "id": 52,
    "first_name": "Deina",
    "last_name": "Grevatt",
    "email": "dgrevatt1f@china.com.cn",
    "gender": "Female",
    "job_title": "Nurse"
  },
  {
    "id": 53,
    "first_name": "Myer",
    "last_name": "Maseres",
    "email": "mmaseres1g@vkontakte.ru",
    "gender": "Male",
    "job_title": "Engineer II"
  },
  {
    "id": 54,
    "first_name": "Winn",
    "last_name": "Dalrymple",
    "email": "wdalrymple1h@go.com",
    "gender": "Male",
    "job_title": "Geologist IV"
  },
  {
    "id": 55,
    "first_name": "Truman",
    "last_name": "Magovern",
    "email": "tmagovern1i@google.de",
    "gender": "Male",
    "job_title": "Social Worker"
  },
  {
    "id": 56,
    "first_name": "Eugine",
    "last_name": "Whiteway",
    "email": "ewhiteway1j@ed.gov",
    "gender": "Female",
    "job_title": "Librarian"
  },
  {
    "id": 57,
    "first_name": "Cobbie",
    "last_name": "Lightollers",
    "email": "clightollers1k@elegantthemes.com",
    "gender": "Male",
    "job_title": "Structural Analysis Engineer"
  },
  {
    "id": 58,
    "first_name": "Hazel",
    "last_name": "Knok",
    "email": "hknok1l@flavors.me",
    "gender": "Female",
    "job_title": "VP Accounting"
  },
  {
    "id": 59,
    "first_name": "Burty",
    "last_name": "Kinch",
    "email": "bkinch1m@github.io",
    "gender": "Male",
    "job_title": "Nurse Practicioner"
  },
  {
    "id": 60,
    "first_name": "Benita",
    "last_name": "Shoubridge",
    "email": "bshoubridge1n@wiley.com",
    "gender": "Female",
    "job_title": "Assistant Professor"
  },
  {
    "id": 61,
    "first_name": "Uri",
    "last_name": "Abdee",
    "email": "uabdee1o@digg.com",
    "gender": "Male",
    "job_title": "Health Coach II"
  },
  {
    "id": 62,
    "first_name": "Constancia",
    "last_name": "Wishkar",
    "email": "cwishkar1p@hc360.com",
    "gender": "Female",
    "job_title": "Project Manager"
  },
  {
    "id": 63,
    "first_name": "Livia",
    "last_name": "Matschke",
    "email": "lmatschke1q@kickstarter.com",
    "gender": "Female",
    "job_title": "Tax Accountant"
  },
  {
    "id": 64,
    "first_name": "Jerrold",
    "last_name": "Senecaux",
    "email": "jsenecaux1r@blogger.com",
    "gender": "Male",
    "job_title": "Professor"
  },
  {
    "id": 65,
    "first_name": "Shurlock",
    "last_name": "Tysack",
    "email": "stysack1s@technorati.com",
    "gender": "Male",
    "job_title": "Chief Design Engineer"
  },
  {
    "id": 66,
    "first_name": "Jeremias",
    "last_name": "Measures",
    "email": "jmeasures1t@unc.edu",
    "gender": "Agender",
    "job_title": "Programmer Analyst I"
  },
  {
    "id": 67,
    "first_name": "Fidelio",
    "last_name": "Nuschke",
    "email": "fnuschke1u@forbes.com",
    "gender": "Male",
    "job_title": "Web Designer II"
  },
  {
    "id": 68,
    "first_name": "Deane",
    "last_name": "Ridgedell",
    "email": "dridgedell1v@weather.com",
    "gender": "Male",
    "job_title": "Statistician II"
  },
  {
    "id": 69,
    "first_name": "Juditha",
    "last_name": "Isaac",
    "email": "jisaac1w@washingtonpost.com",
    "gender": "Female",
    "job_title": "Human Resources Assistant I"
  },
  {
    "id": 70,
    "first_name": "Roxi",
    "last_name": "Marchelli",
    "email": "rmarchelli1x@skyrock.com",
    "gender": "Female",
    "job_title": "Database Administrator I"
  },
  {
    "id": 71,
    "first_name": "Maddalena",
    "last_name": "Eskriett",
    "email": "meskriett1y@youtu.be",
    "gender": "Female",
    "job_title": "Editor"
  },
  {
    "id": 72,
    "first_name": "Karel",
    "last_name": "Beddoes",
    "email": "kbeddoes1z@yolasite.com",
    "gender": "Male",
    "job_title": "Social Worker"
  },
  {
    "id": 73,
    "first_name": "Marika",
    "last_name": "Crumby",
    "email": "mcrumby20@friendfeed.com",
    "gender": "Bigender",
    "job_title": "Software Engineer III"
  },
  {
    "id": 74,
    "first_name": "Leslie",
    "last_name": "Abrahmson",
    "email": "labrahmson21@upenn.edu",
    "gender": "Male",
    "job_title": "GIS Technical Architect"
  },
  {
    "id": 75,
    "first_name": "Emerson",
    "last_name": "Lenard",
    "email": "elenard22@mysql.com",
    "gender": "Male",
    "job_title": "Structural Analysis Engineer"
  },
  {
    "id": 76,
    "first_name": "Hansiain",
    "last_name": "Rodenhurst",
    "email": "hrodenhurst23@hud.gov",
    "gender": "Male",
    "job_title": "Electrical Engineer"
  },
  {
    "id": 77,
    "first_name": "Nelly",
    "last_name": "Otto",
    "email": "notto24@storify.com",
    "gender": "Female",
    "job_title": "Speech Pathologist"
  },
  {
    "id": 78,
    "first_name": "Wallace",
    "last_name": "Brasted",
    "email": "wbrasted25@w3.org",
    "gender": "Male",
    "job_title": "Operator"
  },
  {
    "id": 79,
    "first_name": "Willard",
    "last_name": "Suddock",
    "email": "wsuddock26@wp.com",
    "gender": "Male",
    "job_title": "Research Associate"
  },
  {
    "id": 80,
    "first_name": "Ruben",
    "last_name": "Chalmers",
    "email": "rchalmers27@java.com",
    "gender": "Male",
    "job_title": "Financial Analyst"
  },
  {
    "id": 81,
    "first_name": "Gale",
    "last_name": "Greatorex",
    "email": "ggreatorex28@webeden.co.uk",
    "gender": "Female",
    "job_title": "Internal Auditor"
  },
  {
    "id": 82,
    "first_name": "Sigfrid",
    "last_name": "Done",
    "email": "sdone29@spiegel.de",
    "gender": "Non-binary",
    "job_title": "Tax Accountant"
  },
  {
    "id": 83,
    "first_name": "Lyssa",
    "last_name": "Baude",
    "email": "lbaude2a@mit.edu",
    "gender": "Female",
    "job_title": "Tax Accountant"
  },
  {
    "id": 84,
    "first_name": "Cloris",
    "last_name": "Chivers",
    "email": "cchivers2b@phpbb.com",
    "gender": "Female",
    "job_title": "Sales Representative"
  },
  {
    "id": 85,
    "first_name": "Heriberto",
    "last_name": "Kellitt",
    "email": "hkellitt2c@creativecommons.org",
    "gender": "Male",
    "job_title": "Compensation Analyst"
  },
  {
    "id": 86,
    "first_name": "Madlin",
    "last_name": "Tyt",
    "email": "mtyt2d@naver.com",
    "gender": "Female",
    "job_title": "Budget/Accounting Analyst II"
  },
  {
    "id": 87,
    "first_name": "Gillian",
    "last_name": "Lathan",
    "email": "glathan2e@mysql.com",
    "gender": "Female",
    "job_title": "Help Desk Operator"
  },
  {
    "id": 88,
    "first_name": "Ashli",
    "last_name": "Larratt",
    "email": "alarratt2f@unesco.org",
    "gender": "Agender",
    "job_title": "Web Developer IV"
  },
  {
    "id": 89,
    "first_name": "Gregorius",
    "last_name": "Polkinhorn",
    "email": "gpolkinhorn2g@shinystat.com",
    "gender": "Male",
    "job_title": "Programmer III"
  },
  {
    "id": 90,
    "first_name": "Calla",
    "last_name": "Dunderdale",
    "email": "cdunderdale2h@meetup.com",
    "gender": "Non-binary",
    "job_title": "Editor"
  },
  {
    "id": 91,
    "first_name": "Berte",
    "last_name": "Kingsford",
    "email": "bkingsford2i@jimdo.com",
    "gender": "Female",
    "job_title": "Structural Analysis Engineer"
  },
  {
    "id": 92,
    "first_name": "Janie",
    "last_name": "Felstead",
    "email": "jfelstead2j@businesswire.com",
    "gender": "Female",
    "job_title": "Legal Assistant"
  },
  {
    "id": 93,
    "first_name": "Lauryn",
    "last_name": "Dibbin",
    "email": "ldibbin2k@census.gov",
    "gender": "Female",
    "job_title": "Social Worker"
  },
  {
    "id": 94,
    "first_name": "Christie",
    "last_name": "Webby",
    "email": "cwebby2l@wikispaces.com",
    "gender": "Genderfluid",
    "job_title": "Software Test Engineer I"
  },
  {
    "id": 95,
    "first_name": "Ashly",
    "last_name": "Abramovicz",
    "email": "aabramovicz2m@histats.com",
    "gender": "Bigender",
    "job_title": "Engineer II"
  },
  {
    "id": 96,
    "first_name": "Lind",
    "last_name": "Suddards",
    "email": "lsuddards2n@over-blog.com",
    "gender": "Female",
    "job_title": "Professor"
  },
  {
    "id": 97,
    "first_name": "Raymond",
    "last_name": "Feak",
    "email": "rfeak2o@usda.gov",
    "gender": "Male",
    "job_title": "Assistant Manager"
  },
  {
    "id": 98,
    "first_name": "Seward",
    "last_name": "Dinnington",
    "email": "sdinnington2p@wired.com",
    "gender": "Male",
    "job_title": "Pharmacist"
  },
  {
    "id": 99,
    "first_name": "Reynold",
    "last_name": "Hawlgarth",
    "email": "rhawlgarth2q@godaddy.com",
    "gender": "Male",
    "job_title": "Human Resources Manager"
  },
  {
    "id": 100,
    "first_name": "Tammy",
    "last_name": "Maus",
    "email": "tmaus2r@twitpic.com",
    "gender": "Male",
    "job_title": "VP Marketing"
  },
  {
    "first_name": "Simarpreet",
    "last_name": "Kaur",
    "email": "simarpreetkaur052@gmail.com",
    "gender": "Female",
    "job_title": "Software Dev",
    "id": 101
  },
  {
    "first_name": "Jane",
    "last_name": "Doe",
    "email": "janedoe@gmail.com",
    "gender": "munda",
    "job_title": "chaa vaala",
    "id": 102
  }
]